Date,Contract,pre close,Pre settle,Open,High,Low,Close,Settle,ch1,ch2,Volume,Amount,OI,MACD DIF,MACD DEA,MACD M
2023-01-17,au2402,419.98,419.98,421.14,421.38,421.14,421.38,421.26,1.4,1.28,2,84.252,2,0.0,0.0,0.0
2023-01-18,au2402,421.38,421.26,421.6,423.34,419.32,419.32,420.88,-1.94,-0.38,6,252.538,8,-0.16433048433054864,-0.03286609686610973,-0.26292877492887784
2023-01-19,au2402,419.32,420.88,422.24,423.22,420.58,422.18,422.06,1.3,1.18,40,1688.258,27,-0.0630585790700593,-0.038904593306899646,-0.0483079715263193
2023-01-20,au2402,422.18,422.06,422.18,426.18,422.18,425.94,424.58,3.88,2.52,31,1316.224,43,0.3169471424767494,0.032265753849830166,0.5693627772538384
2023-01-30,au2402,425.94,424.58,420.08,428.68,420.08,425.36,424.66,0.78,0.08,51,2165.826,59,0.5647926833754582,0.13877113975495578,0.8520430872410047
2023-01-31,au2402,425.36,424.66,424.74,424.82,422.5,422.84,423.76,-1.82,-0.9,34,1440.842,68,0.5515116378302878,0.22131923937002218,0.6603847969205312
2023-02-01,au2402,422.84,423.76,421.82,425.1,421.68,424.26,423.96,0.5,0.2,122,5172.372,122,0.6480975806330207,0.3066749076226219,0.6828453460207976
2023-02-02,au2402,424.26,423.96,425.22,428.36,423.98,427.58,426.92,3.62,2.96,77,3287.288,134,0.981227905271794,0.44158550715245637,1.0792847962386753
2023-02-03,au2402,427.58,426.92,428.28,428.58,422.0,423.12,424.22,-3.8,-2.7,93,3945.386,148,0.8752618871936306,0.5283207831606913,0.6938822080658786
2023-02-06,au2402,423.12,424.22,422.18,422.2,416.22,417.48,417.8,-6.74,-6.42,218,9108.362,193,0.33235105380265395,0.48912683728908385,-0.3135515669728598
2023-02-07,au2402,417.48,417.8,417.16,417.16,415.96,416.82,416.62,-0.98,-1.18,42,1749.854,203,-0.14944348579206235,0.36141277267285465,-1.021712516929834
2023-02-08,au2402,416.82,416.62,415.68,417.12,415.34,416.46,416.1,-0.16,-0.52,41,1706.016,212,-0.5539327292262328,0.17834367229303716,-1.46455280303854
2023-02-09,au2402,416.46,416.1,416.36,417.26,415.78,417.08,416.82,0.98,0.72,45,1875.69,220,-0.8150689429797353,-0.02033885076151734,-1.589460184436436
2023-02-10,au2402,417.08,416.82,416.94,417.78,413.74,414.42,415.1,-2.4,-1.72,86,3569.926,218,-1.2225680398751706,-0.260784688584248,-1.9235667025818453
2023-02-13,au2402,414.42,415.1,415.6,417.0,415.2,416.98,416.14,1.88,1.04,31,1290.044,223,-1.3236847905496347,-0.4733647089773254,-1.7006401631446186
2023-02-14,au2402,416.98,416.14,415.94,416.38,414.74,416.38,415.38,0.24,-0.76,32,1329.238,228,-1.4356858369122847,-0.6658289345643174,-1.5397138046959347
2023-02-15,au2402,416.38,415.38,416.06,417.06,414.52,415.24,415.92,-0.14,0.54,80,3327.432,228,-1.598015023242965,-0.852266152300047,-1.4914977418858362
2023-02-16,au2402,415.24,415.92,414.02,414.74,413.72,414.62,414.06,-1.3,-1.86,43,1780.52,225,-1.7564437017271644,-1.0331016621854705,-1.4466840790833877
2023-02-17,au2402,414.62,414.06,414.82,415.24,413.44,413.52,414.16,-0.54,0.1,60,2485.07,217,-1.9483015700355963,-1.2161416437554957,-1.4643198525602013
2023-02-20,au2402,413.52,414.16,414.02,415.82,413.36,415.52,414.56,1.36,0.4,48,1989.972,224,-1.9168705372853765,-1.356287422461472,-1.1211662296478089
2023-02-21,au2402,415.52,414.56,415.76,415.82,414.88,415.14,415.32,0.58,0.76,106,4402.56,281,-1.9007137961017406,-1.4651726971895258,-0.8710821978244296
2023-02-22,au2402,415.14,415.32,415.0,416.1,415.0,416.02,415.54,0.7,0.22,112,4654.188,317,-1.7961953943641333,-1.5313772366244476,-0.5296363154793715
2023-02-23,au2402,416.02,415.54,417.24,417.24,414.5,414.96,415.14,-0.58,-0.4,70,2906.016,313,-1.7783966990498357,-1.5807811291095253,-0.39523113988062075
2023-02-24,au2402,414.96,415.14,414.5,416.2,414.08,416.1,415.5,0.96,0.36,66,2742.316,343,-1.6532450523044986,-1.59527391374852,-0.11594227711195737
2023-02-27,au2402,416.1,415.5,415.1,416.02,415.08,415.44,415.48,-0.06,-0.02,23,955.63,350,-1.589000941010454,-1.594019319200907,0.010036756380905842
2023-02-28,au2402,415.44,415.48,415.34,416.36,415.34,415.92,415.94,0.44,0.46,28,1164.634,354,-1.4822683644580366,-1.571669128252333,0.1788015275885928
2023-03-01,au2402,415.92,415.94,414.46,417.7,414.46,417.2,417.04,1.26,1.1,126,5254.802,386,-1.2796457661397085,-1.5132644558298083,0.4672373793801996
2023-03-02,au2402,417.2,417.04,417.2,417.2,416.0,416.82,416.52,-0.22,-0.52,64,2665.816,381,-1.1366263997519468,-1.437936844614236,0.6026208897245784
2023-03-03,au2402,416.82,416.52,417.5,418.76,417.2,418.76,417.92,2.24,1.4,55,2298.638,402,-0.8568633474566809,-1.321722145182725,0.9297175954520882
2023-03-06,au2402,418.76,417.92,419.92,421.54,419.1,421.32,420.62,3.4,2.7,88,3701.466,442,-0.42369442218313225,-1.1421166005828065,1.4368443567993485
2023-03-07,au2402,421.32,420.62,422.36,422.36,421.48,421.68,421.9,1.06,1.28,60,2531.408,460,-0.05077068389550732,-0.9238474172453467,1.7461534666996787
2023-03-08,au2402,421.68,421.9,420.52,420.52,416.84,416.84,418.9,-5.06,-3.0,95,3979.644,451,-0.1441122486684776,-0.7679003835299729,1.2475762697229906
2023-03-09,au2402,416.84,418.9,416.98,417.74,416.56,416.9,417.14,-2.0,-1.76,70,2920.104,457,-0.21081447464541725,-0.6564832017530619,0.8913374542152892
2023-03-10,au2402,416.9,417.14,417.96,419.88,417.66,419.52,419.12,2.38,1.98,57,2389.024,476,-0.05166876024384237,-0.535520313451218,0.9677031064147512
2023-03-13,au2402,419.52,419.12,419.38,425.28,418.96,423.14,423.2,4.02,4.08,198,8379.744,548,0.3623817995891727,-0.3559398908431398,1.436643380864625
2023-03-14,au2402,423.14,423.2,425.76,428.5,425.04,428.38,426.86,5.18,3.66,252,10757.06,673,1.1006563772407958,-0.06462063722635272,2.330554028934297
2023-03-15,au2402,428.38,426.86,428.36,428.64,426.6,428.64,427.98,1.78,1.12,180,7703.736,750,1.6872742785092782,0.2857583459207735,2.8030318651770094
2023-03-16,au2402,428.64,427.98,430.38,435.96,430.38,432.42,433.56,4.44,5.58,314,13614.39,832,2.4291854629388467,0.7144437693243881,3.429483387228917
2023-03-17,au2402,432.42,433.56,434.04,435.56,431.5,434.3,434.14,0.74,0.58,164,7120.12,858,3.132743394182114,1.1981036942959333,3.8692793997723616
2023-03-20,au2402,434.3,434.14,436.38,447.8,436.38,446.7,442.06,12.56,7.92,470,20776.916,970,4.637437005336437,1.8859703565040342,5.502933297664806
2023-03-21,au2402,446.7,442.06,443.36,445.8,441.98,443.26,444.08,1.2,2.02,165,7327.452,999,5.489063771849544,2.6065890395731364,5.764949464552815
2023-03-22,au2402,443.26,444.08,441.38,441.56,435.46,438.0,438.7,-6.08,-5.38,439,19259.428,976,5.674138147073734,3.2200988610732564,4.908078572000955
2023-03-23,au2402,438.0,438.7,436.96,444.42,436.38,441.14,440.26,2.44,1.56,191,8409.044,1000,6.0049612257016065,3.7770713339989266,4.45577978340536
2023-03-24,au2402,441.14,440.26,440.02,444.28,439.86,442.98,442.54,2.72,2.28,159,7036.396,1051,6.342501116641358,4.2901572905274135,4.10468765222789
2023-03-27,au2402,442.98,442.54,446.32,447.32,440.48,440.68,444.08,-1.86,1.54,329,14610.504,1066,6.351200448669431,4.702365922155817,3.297669053027228
2023-03-28,au2402,440.68,444.08,437.36,439.74,437.28,438.56,438.66,-5.52,-5.42,135,5921.91,1055,6.116521002837658,4.9851969382921855,2.2626481290909446
2023-03-29,au2402,438.56,438.66,439.44,442.5,438.94,440.36,440.84,1.7,2.18,101,4452.486,1085,6.0065411406864655,5.189465778771042,1.6341507238308477
2023-03-30,au2402,440.36,440.84,440.94,441.88,439.74,441.32,440.7,0.48,-0.14,60,2644.218,1095,5.928505167312267,5.337273656479287,1.18246302166596
2023-03-31,au2402,441.32,440.7,441.56,443.76,440.34,443.56,442.24,2.86,1.54,104,4599.466,1113,5.97849401817507,5.465517728818443,1.0259525787132535
2023-04-03,au2402,443.56,442.24,442.92,443.44,437.32,438.5,440.08,-3.74,-2.16,170,7481.648,1075,5.545881362661078,5.48159045558697,0.128581814148216
2023-04-04,au2402,438.5,440.08,442.98,444.14,441.28,443.1,442.68,3.02,2.6,171,7569.96,1099,5.510690463182414,5.4874104571060585,0.04656001215271033
2023-04-06,au2402,443.1,442.68,450.16,450.3,448.74,449.6,449.46,6.92,6.78,269,12090.504,1159,5.9388378728423845,5.577695940253324,0.7222838651781203
2023-04-07,au2402,449.6,449.46,448.94,449.82,447.4,449.52,448.7,0.06,-0.76,130,5833.338,1164,6.200220169609111,5.7022007861244814,0.9960387669692583
2023-04-10,au2402,449.52,448.7,449.1,449.14,444.4,445.48,446.34,-3.22,-2.36,492,21960.472,1281,6.012069887365271,5.76417460637264,0.49579056198526317
2023-04-11,au2402,445.48,446.34,445.0,447.84,444.24,447.68,446.42,1.34,0.08,229,10223.108,1284,5.971643656121614,5.805668416322435,0.33195047959835833
2023-04-12,au2402,447.68,446.42,447.44,452.88,446.88,451.88,450.86,5.46,4.44,360,16231.614,1419,6.2069604988096785,5.885926832819884,0.6420673319795895
2023-04-13,au2402,451.88,450.86,452.88,452.88,448.48,451.68,450.6,0.82,-0.26,273,12301.798,1436,6.30463653796636,5.96966877384918,0.66993552823436
2023-04-14,au2402,451.68,450.6,453.9,455.88,452.92,453.9,454.86,3.3,4.26,511,23243.99,1576,6.486409656531066,6.073016950385558,0.8267854122910165
2023-04-17,au2402,453.9,454.86,451.74,452.44,445.28,449.08,448.24,-5.78,-6.62,452,20261.25,1532,6.170403870146913,6.092494334337829,0.15581907161816844
2023-04-18,au2402,449.08,448.24,447.12,448.02,444.0,447.68,446.52,-0.56,-1.72,476,21254.462,1531,5.740822084573608,6.022159884384985,-0.5626755996227537
2023-04-19,au2402,447.68,446.52,447.92,450.0,446.5,447.36,448.64,0.84,2.12,690,30956.66,1629,5.3133056191293235,5.880389031333853,-1.1341668244090588
2023-04-20,au2402,447.36,448.64,445.66,448.22,444.38,447.92,446.7,-0.72,-1.94,545,24346.22,1716,4.962478694702838,5.696806964007651,-1.4686565386096255
2023-04-21,au2402,447.92,446.7,448.8,449.7,445.18,446.12,447.86,-0.58,1.16,525,23512.898,1815,4.48747208787637,5.454939988781395,-1.9349358018100506
2023-04-24,au2402,446.12,447.86,446.18,448.0,443.46,444.62,445.38,-3.24,-2.48,605,26945.766,1882,3.94451851172596,5.1528556933703085,-2.4166743632886973
2023-04-25,au2402,444.62,445.38,445.86,448.82,443.7,448.56,447.0,3.18,1.62,407,18193.226,1947,3.788477749651122,4.879980104626471,-2.1830047099506977
2023-04-26,au2402,448.56,447.0,448.66,451.98,447.7,449.94,449.66,2.94,2.66,833,37457.368,2301,3.73313552580737,4.650611188862651,-1.8349513261105628
2023-04-27,au2402,449.94,449.66,449.94,452.1,448.46,450.78,450.7,1.12,1.04,344,15504.194,2373,3.7142419256356334,4.463337336217248,-1.498190821163229
2023-04-28,au2402,450.78,450.7,448.38,449.1,446.28,447.68,447.72,-3.02,-2.98,382,17103.036,2396,3.409818256832864,4.252633520340371,-1.6856305270150145
2023-05-04,au2402,447.68,447.72,458.56,461.58,457.04,457.62,458.88,9.9,11.16,511,23449.034,2509,3.9253858296303292,4.187183982198363,-0.523596305136067
2023-05-05,au2402,457.62,458.88,458.02,462.0,457.7,460.22,460.2,1.34,1.32,566,26047.936,2594,4.4919942034217115,4.248146026443033,0.48769635395735733
2023-05-08,au2402,460.22,460.2,454.36,454.98,450.62,454.8,453.3,-5.4,-6.9,1030,46690.52,2508,4.452362653504224,4.288989351855271,0.32674660329790584
2023-05-09,au2402,454.8,453.3,456.0,456.76,454.12,455.62,455.52,2.32,2.22,449,20453.588,2533,4.4359862237567995,4.318388726235577,0.2351949950424448
2023-05-10,au2402,455.62,455.52,455.84,457.98,455.5,457.36,456.96,1.84,1.44,413,18872.984,2523,4.511406556874817,4.356992292363426,0.308828529022783
2023-05-11,au2402,457.36,456.96,459.24,459.66,455.88,457.4,457.76,0.44,0.8,509,23299.994,2566,4.5222754041112125,4.390048914712984,0.26445297879645757
2023-05-12,au2402,457.4,457.76,458.68,459.66,453.24,454.04,455.58,-3.72,-2.18,546,24875.362,2557,4.211220792639892,4.3542832902983655,-0.28612499531694624
2023-05-15,au2402,454.04,455.58,455.5,456.82,454.58,455.86,455.96,0.28,0.38,435,19834.594,2621,4.064711102254819,4.296368852689657,-0.4633155008696761
2023-05-16,au2402,455.86,455.96,456.28,456.96,454.04,454.84,455.82,-1.12,-0.14,329,14996.994,2645,3.822235292383141,4.201542140628354,-0.7586136964904266
2023-05-17,au2402,454.84,455.82,456.24,456.24,451.52,452.96,453.58,-2.86,-2.24,383,17372.75,2671,3.4387316203482783,4.048980036572339,-1.2204968324481218
2023-05-18,au2402,452.96,453.58,452.44,452.68,450.0,451.9,451.66,-1.68,-1.92,788,35591.416,2679,3.0145195511432803,3.8420879394865275,-1.6551367766864944
2023-05-19,au2402,451.9,451.66,451.06,451.16,448.86,450.02,449.96,-1.64,-1.7,610,27447.92,2632,2.4978346587331544,3.573237283335853,-2.1508052492053977
2023-05-22,au2402,450.02,449.96,448.76,453.0,447.76,451.88,450.88,1.92,0.92,724,32644.078,2643,2.2129352739818273,3.3011768814650484,-2.176483214966442
2023-05-23,au2402,451.88,450.88,451.84,452.5,449.66,450.08,450.94,-0.8,0.06,435,19616.464,2671,1.820915126111231,3.0051245303942853,-2.3684188085661084
2023-05-24,au2402,450.08,450.94,449.72,453.58,449.64,452.16,452.04,1.22,1.1,575,25992.462,2707,1.6589515900176934,2.735889942318967,-2.1538767046025473
2023-05-25,au2402,452.16,452.04,453.02,453.16,449.62,450.3,451.0,-1.74,-1.04,352,15875.814,2705,1.3647755820809948,2.4616670702713725,-2.1937829763807555
2023-05-26,au2402,450.3,451.0,447.74,449.6,447.32,447.74,448.44,-3.26,-2.56,498,22332.778,2678,0.9145262814801072,2.15223891251312,-2.4754252620660253
2023-05-29,au2402,447.74,448.44,447.66,448.6,446.36,447.8,447.54,-0.64,-0.9,575,25734.404,2699,0.5561312307929143,1.833017376169079,-2.5537722907523293
2023-05-30,au2402,447.8,447.54,448.58,448.68,446.22,446.9,447.3,-0.64,-0.24,501,22409.972,2776,0.19720483802325361,1.505854868539914,-2.617300061033321
2023-05-31,au2402,446.9,447.3,450.4,453.74,449.7,453.08,451.52,5.78,4.22,550,24834.266,2901,0.4067388056479331,1.286031655961518,-1.7585857006271697
2023-06-01,au2402,453.08,451.52,453.78,455.72,452.76,453.12,454.18,1.6,2.66,852,38697.58,2985,0.5694592782240306,1.1427171804140204,-1.1465158043799795
2023-06-02,au2402,453.12,454.18,454.0,456.26,453.98,454.34,455.14,0.16,0.96,668,30403.384,2989,0.7877792008608822,1.0717295845033927,-0.5679007672850211
2023-06-05,au2402,454.34,455.14,453.28,454.5,449.16,450.06,451.42,-5.08,-3.72,892,40267.794,2990,0.6084255311220659,0.9790687738271274,-0.7412864854101231
2023-06-06,au2402,450.06,451.42,450.06,453.34,450.06,452.7,451.66,1.28,0.24,742,33514.462,3057,0.671570940516176,0.9175692071649373,-0.49199653329752246
2023-06-07,au2402,452.7,451.66,453.8,454.7,452.7,453.62,453.88,1.96,2.22,646,29320.674,3059,0.786780922913124,0.8914115503145746,-0.20926125480290136
2023-06-08,au2402,453.62,453.88,453.1,454.88,451.08,451.58,453.08,-2.3,-0.8,5873,266104.616,4046,0.705343947037079,0.8541980296590757,-0.29770816524399324
2023-06-09,au2402,451.58,453.08,454.18,455.54,453.48,455.24,454.6,2.16,1.52,759,34505.216,4036,0.925467752865984,0.8684519743004573,0.11403155713105351
2023-06-12,au2402,455.24,454.6,455.1,456.06,454.04,455.32,455.06,0.72,0.46,345,15699.722,4004,1.0937645494229855,0.9135144893249629,0.36050012019604516
2023-06-13,au2402,455.32,455.06,455.6,456.68,453.58,456.32,455.26,1.26,0.2,554,25222.102,4001,1.2929285404642314,0.9893972995528167,0.6070624818228294
2023-06-14,au2402,456.32,455.26,455.92,456.48,453.06,454.0,454.62,-1.26,-0.64,769,34961.468,3981,1.2491632509327815,1.0413504898288097,0.41562552220794347
2023-06-15,au2402,454.0,454.62,455.34,455.44,450.08,450.1,453.04,-4.52,-1.58,886,40139.826,3931,0.8895276166738881,1.0109859151978255,-0.24291659704787483
2023-06-16,au2402,450.1,453.04,450.38,454.38,450.38,453.3,452.78,0.26,-0.26,707,32011.776,3942,0.8528953947710534,0.9793678111124712,-0.25294483268283563
2023-06-19,au2402,453.3,452.78,454.32,454.68,452.42,454.32,453.56,1.54,0.78,1213,55018.848,3937,0.895842851744419,0.9626628192388608,-0.1336399349888835
2023-06-20,au2402,454.32,453.56,453.9,454.88,453.34,454.6,454.08,1.04,0.52,427,19389.24,3936,0.9416182912335671,0.9584539136378021,-0.03367124480846995
2023-06-21,au2402,454.6,454.08,453.7,453.7,451.06,453.0,452.24,-1.08,-1.84,753,34053.736,3966,0.8391162191383046,0.9345863747379026,-0.19094031119919608
2023-06-26,au2402,453.0,452.24,451.54,452.8,451.54,452.44,452.14,0.2,-0.1,576,26043.626,4147,0.704573385227377,0.8885837768357976,-0.3680207832168412
2023-06-27,au2402,452.44,452.14,454.36,454.56,451.7,452.46,454.12,0.32,1.98,4379,198860.198,6006,0.5927284482860387,0.8294127111258458,-0.4733685256796143
2023-06-28,au2402,452.46,454.12,452.24,452.9,449.66,450.86,451.08,-3.26,-3.04,12110,546262.816,9939,0.3707105809014024,0.7376722850809572,-0.7339234083591095
2023-06-29,au2402,450.86,451.08,451.0,452.18,450.52,451.0,451.16,-0.08,0.08,4336,195625.75,9894,0.203708427470076,0.630879513558781,-0.85434217217741
2023-06-30,au2402,451.0,451.16,449.7,452.38,449.56,452.06,451.44,0.9,0.28,1480,66813.712,9820,0.15510322546583666,0.5357242559401922,-0.7612420609487112
2023-07-03,au2402,452.06,451.44,453.04,454.4,452.0,452.72,453.24,1.28,1.8,1627,73744.196,9824,0.16790424126918424,0.4621602530059907,-0.5885120234736129
2023-07-04,au2402,452.72,453.24,453.62,454.78,452.76,453.2,453.78,-0.04,0.54,802,36393.3,9805,0.2143106867986262,0.41259033976451776,-0.3965593059317831
2023-07-05,au2402,453.2,453.78,453.2,454.02,452.8,453.74,453.52,-0.04,-0.26,476,21588.454,9828,0.2913036491160028,0.3883330016348148,-0.194058705037624
2023-07-06,au2402,453.74,453.52,454.92,455.74,453.2,453.66,454.26,0.14,0.74,1204,54693.632,9814,0.3419243045029816,0.3790512622084482,-0.07425391541093318
2023-07-07,au2402,453.66,454.26,451.14,452.96,451.08,452.7,452.24,-1.56,-2.02,1289,58293.9,9847,0.3011065922904663,0.36346232822485186,-0.12471147186877107
2023-07-10,au2402,452.7,452.24,453.36,454.9,453.06,453.86,453.84,1.62,1.6,2919,132477.822,9893,0.3582311016134554,0.3624160829025726,-0.008369962578234413
2023-07-11,au2402,453.86,453.84,452.34,454.6,452.32,454.02,453.78,0.18,-0.06,3692,167537.492,9872,0.4116678983580755,0.3722664459936732,0.07880290472880458
2023-07-12,au2402,454.02,453.78,453.3,454.84,453.3,453.92,454.24,0.14,0.46,2956,134277.486,9884,0.44086575451586896,0.3859863076981124,0.10975889363551317
2023-07-13,au2402,453.92,454.24,455.0,458.38,454.38,458.22,456.88,3.98,2.64,3518,160736.69,9826,0.8017373996022457,0.4691365260789391,0.6652017470466132
2023-07-14,au2402,458.22,456.88,457.44,458.16,455.32,455.82,456.82,-1.06,-0.06,1647,75241.06,9729,0.8838819944749616,0.5520856197581436,0.663592749433636
2023-07-17,au2402,455.82,456.82,456.38,457.98,455.42,457.24,456.64,0.42,-0.18,2177,99411.208,9831,1.0514439192958207,0.6519572796656791,0.7989732792602833
2023-07-18,au2402,457.24,456.64,456.48,458.78,456.16,458.76,457.78,2.12,1.14,1331,60931.838,9899,1.2919959239925447,0.7799650085310521,1.0240618309229852
2023-07-19,au2402,458.76,457.78,460.2,464.94,459.6,464.16,462.5,6.38,4.72,3232,149480.892,10072,1.8965082248346903,1.0032736517917797,1.786469146085821
2023-07-20,au2402,464.16,462.5,464.66,465.38,463.02,463.88,464.5,1.38,2.0,3077,142930.248,10148,2.326180161678792,1.2678549537691823,2.1166504158192194
2023-07-21,au2402,463.88,464.5,461.62,462.9,460.88,461.44,461.56,-3.06,-2.94,3105,143317.406,10555,2.4416646687596995,1.502616896767286,1.878095543984827
2023-07-24,au2402,461.44,461.56,460.82,461.32,459.66,461.14,460.6,-0.42,-0.96,2049,94378.07,10738,2.4803871211022397,1.6981709416342767,1.564432358935926
2023-07-25,au2402,461.14,460.6,461.86,461.96,459.0,459.0,459.88,-1.6,-0.72,6260,287887.918,12764,2.31174645417849,1.8208860441431196,0.9817208200707404
2023-07-26,au2402,459.0,459.88,458.46,460.9,457.58,460.68,459.08,0.8,-0.8,6519,299278.232,13388,2.2872929806151205,1.9141674314375199,0.7462510983552013
2023-07-27,au2402,460.68,459.08,461.24,462.46,459.72,461.84,461.18,2.76,2.1,4410,203384.676,13528,2.334603871918887,1.9982547195337934,0.6726983047701869
2023-07-28,au2402,461.84,461.18,459.76,460.14,457.34,458.38,458.56,-2.8,-2.62,6719,308107.452,13413,2.0690542412090736,2.0124146238688496,0.11327923468044787
2023-07-31,au2402,458.38,458.56,459.22,459.58,457.62,458.12,458.56,-0.44,0.0,3437,157607.632,13555,1.8166828297844972,1.9732682650519793,-0.31317087053496406
2023-08-01,au2402,458.12,458.56,459.96,460.64,459.36,459.64,459.88,1.08,1.32,3600,165563.582,13600,1.7195065635140736,1.9225159247443984,-0.4060187224606495
2023-08-02,au2402,459.64,459.88,457.8,459.44,457.34,459.06,458.26,-0.82,-1.62,4997,229001.562,13672,1.5775079895014983,1.8535143376958185,-0.5520126963886405
2023-08-03,au2402,459.06,458.26,458.66,458.88,457.06,457.12,457.66,-1.14,-0.6,6328,289609.636,13695,1.29352041169102,1.741515552494859,-0.8959902816076779
2023-08-04,au2402,457.12,457.66,456.14,457.4,455.76,456.4,456.66,-1.26,-1.0,5126,234086.868,13803,0.9988461508800697,1.592981672171901,-1.1882710425836627
2023-08-07,au2402,456.4,456.66,457.32,458.8,456.98,457.62,457.84,0.96,1.18,6840,313170.862,13901,0.8539150787247536,1.4451683534824717,-1.1825065495154363
2023-08-08,au2402,457.62,457.84,457.56,458.06,456.46,457.72,457.6,-0.12,-0.24,7199,329428.838,14071,0.7386110754267179,1.3038568978713212,-1.1304916448892066
2023-08-09,au2402,457.72,457.6,456.9,458.2,456.66,457.32,457.38,-0.28,-0.22,8196,374873.768,14164,0.6079471289633034,1.1646749440897177,-1.1134556302528287
2023-08-10,au2402,457.32,457.38,456.88,457.44,455.16,455.6,456.16,-1.78,-1.22,8190,373606.674,14390,0.3614389415179744,1.004027743575369,-1.2851776041147893
2023-08-11,au2402,455.6,456.16,456.4,457.58,455.76,457.42,456.52,1.26,0.36,12760,582525.91,15266,0.30937196911474985,0.8650965886832453,-1.111449239136991
2023-08-14,au2402,457.42,456.52,457.48,457.96,456.9,457.36,457.44,0.84,0.92,7620,348582.7,15572,0.2602668258459744,0.7441306361157912,-0.9677276205396337
2023-08-15,au2402,457.36,457.44,457.56,457.66,456.48,457.3,457.18,-0.14,-0.26,8564,391532.578,16091,0.21404180675114048,0.6381128702428611,-0.8481421269834413
2023-08-16,au2402,457.3,457.18,457.56,458.8,457.5,458.5,458.2,1.32,1.02,11900,545271.654,17378,0.27111289655721293,0.5647128755057315,-0.587199957897037
2023-08-17,au2402,458.5,458.2,458.5,458.96,457.02,458.1,458.12,-0.1,-0.08,11025,505088.746,17643,0.2808282757891334,0.5079359555624119,-0.454215359546557
2023-08-18,au2402,458.1,458.12,457.96,458.34,456.16,456.42,457.14,-1.7,-0.98,10849,495960.606,18109,0.15122262389638763,0.43659328922920704,-0.5707413306656388
2023-08-21,au2402,456.42,457.14,456.2,458.66,455.94,458.12,457.38,0.98,0.24,14600,667795.1,19884,0.1835689351040628,0.38598841840417825,-0.4048389666002309
2023-08-22,au2402,458.12,457.38,457.84,458.1,456.8,457.7,457.42,0.32,0.04,13846,633368.55,20105,0.17331525943944825,0.34345378661123227,-0.34027705434356803
2023-08-23,au2402,457.7,457.42,458.02,459.36,457.22,459.12,458.24,1.7,0.82,16007,733535.296,19999,0.27658300346922715,0.33007962998283125,-0.10699325302720819
2023-08-24,au2402,459.12,458.24,459.32,461.62,459.08,461.04,460.6,2.8,2.36,15560,716707.832,21811,0.507501230233629,0.3655639500329908,0.28387456040127645
2023-08-25,au2402,461.04,460.6,460.32,461.0,459.68,459.78,460.3,-0.82,-0.3,13402,616911.696,22685,0.5821237585506651,0.4088759117365257,0.3464956936282788
2023-08-28,au2402,459.78,460.3,460.34,460.9,458.78,459.98,459.88,-0.32,-0.42,41476,1907445.676,32209,0.6499092293568651,0.4570825752605936,0.38565330819254307
2023-08-29,au2402,459.98,459.88,460.5,462.0,459.74,461.4,460.92,1.52,1.04,33524,1545235.538,33872,0.8088874844972906,0.527443557107933,0.5628878547787153
2023-08-30,au2402,461.4,460.92,460.96,463.44,460.76,462.78,462.34,1.86,1.42,36018,1665293.308,36766,1.0343104765930775,0.628816941004962,0.810987071176231
2023-08-31,au2402,462.78,462.34,463.8,464.5,463.02,464.34,463.86,2.0,1.52,31339,1453737.578,38661,1.3235813624049229,0.7677698252849541,1.1116230742399376
2023-09-01,au2402,464.34,463.86,463.94,464.0,462.32,463.62,463.04,-0.24,-0.82,32553,1507393.84,40379,1.477698650577679,0.9097555903434991,1.13588612046836
2023-09-04,au2402,463.62,463.04,464.28,466.66,462.7,465.52,464.62,2.48,1.58,45087,2094873.814,43284,1.7331728945810596,1.0744390511910114,1.3174676867800965
2023-09-05,au2402,465.52,464.62,465.0,466.12,463.92,465.6,465.16,0.98,0.54,28203,1311896.172,45159,1.9199612863833977,1.2435434982294886,1.3528355763078181
2023-09-06,au2402,465.6,465.16,465.54,465.74,464.36,464.88,464.96,-0.28,-0.2,33374,1551798.252,48024,1.986989669859497,1.3922327325554904,1.1895138746080134
2023-09-07,au2402,464.88,464.96,464.56,465.36,464.1,464.78,464.78,-0.18,-0.18,42060,1954888.744,49868,2.0088838202199213,1.5155629500883765,0.9866417402630896
2023-09-08,au2402,464.78,464.78,465.58,468.12,464.64,467.38,466.42,2.6,1.64,44166,2059995.462,53977,2.210551501325938,1.6545606603358889,1.1119816819800978
2023-09-11,au2402,467.38,466.42,466.96,468.46,466.48,467.08,467.46,0.66,1.04,45483,2126234.468,56083,2.319430151749998,1.7875345586187108,1.0637911862625744
2023-09-12,au2402,467.08,467.46,467.2,467.76,466.14,467.24,467.2,-0.22,-0.26,41269,1928093.362,58137,2.391065218016763,1.9082406904983213,0.9656490550368835
2023-09-13,au2402,467.24,467.2,466.1,468.78,466.1,467.92,467.26,0.72,0.06,53155,2483774.918,63645,2.4741859654563427,2.0214297454899257,0.905512439932834
2023-09-14,au2402,467.92,467.26,468.48,472.98,467.18,472.2,469.9,4.94,2.64,57705,2711598.214,68344,2.8525377081460306,2.187651338021147,1.3297727402497674
2023-09-15,au2402,472.2,469.9,472.06,480.42,467.34,469.9,474.58,0.0,4.68,85269,4046801.356,71906,2.932983800473778,2.3367178305116734,1.1925319399242094
2023-09-18,au2402,469.9,474.58,470.76,473.36,466.2,467.56,469.8,-7.02,-4.78,70651,3319213.106,77173,2.775920382206664,2.4245583408506715,0.7027240827119847
2023-09-19,au2402,467.56,469.8,467.7,470.5,466.66,470.2,468.48,0.4,-1.32,44618,2090305.768,79066,2.83182886781276,2.5060124462430893,0.6516328431393417
2023-09-20,au2402,470.2,468.48,470.62,473.0,469.82,471.8,471.5,3.32,3.02,48426,2283347.462,82517,2.9709955859621004,2.599009074186892,0.7439730235504172
2023-09-21,au2402,471.8,471.5,471.76,473.28,470.56,471.2,472.02,-0.3,0.52,49465,2334937.67,84038,2.9983085920795247,2.6788689777654184,0.6388792286282126
2023-09-22,au2402,471.2,472.02,469.5,472.34,468.54,470.74,470.5,-1.28,-1.52,63148,2971198.862,85670,2.9488437553672497,2.7328639332857847,0.4319596441629301
2023-09-25,au2402,470.74,470.5,470.98,472.12,469.94,471.8,471.08,1.3,0.58,46803,2204857.644,88479,2.961042601186705,2.7784996668659687,0.3650858686414722
2023-09-26,au2402,471.8,471.08,472.28,472.62,470.74,470.9,471.48,-0.18,0.4,41329,1948661.482,93682,2.8650611544505296,2.795811964382881,0.1384983801352968
2023-09-27,au2402,470.9,471.48,470.56,471.16,465.86,467.36,468.94,-4.12,-2.54,63921,2997534.552,95414,2.4748185833102525,2.7316132881683552,-0.5135894097162055
2023-09-28,au2402,467.36,468.94,465.94,466.24,455.28,459.94,461.52,-9.0,-7.42,84992,3922567.046,98936,1.5489610864532324,2.495082847825331,-1.892243522744197
2023-10-09,au2402,459.94,461.52,456.02,456.58,453.3,455.94,455.36,-5.58,-6.16,50373,2293801.02,107654,0.4868338614347181,2.0934330505472083,-3.2131983782249804
2023-10-10,au2402,455.94,455.36,455.58,455.58,451.12,451.66,452.96,-3.7,-2.4,70535,3195075.482,117371,-0.6922895639949616,1.5362885276387745,-4.457156183267472
2023-10-11,au2402,451.66,452.96,451.82,452.46,450.4,451.4,451.38,-1.56,-1.58,47395,2139358.418,122352,-1.6289556145283086,0.903239699205358,-5.064390627467333
2023-10-12,au2402,451.4,451.38,452.84,455.16,452.04,454.86,453.38,3.48,2.0,47241,2141853.08,126476,-2.068235789566927,0.308944601450901,-4.754360782035656
2023-10-13,au2402,454.86,453.38,454.42,456.26,453.54,455.94,454.76,2.56,1.38,46201,2101050.432,127838,-2.3026776840892467,-0.21337985565712853,-4.178595656864236
2023-10-16,au2402,455.94,454.76,463.74,466.68,460.72,462.22,463.22,7.46,8.46,78102,3617913.334,129192,-1.9591472289818626,-0.5625333303220754,-2.7932277973195743
2023-10-17,au2402,462.22,463.22,463.5,464.56,462.66,464.42,463.7,1.2,0.48,40444,1875427.958,130852,-1.492174396872258,-0.748461543632112,-1.487425706480292
2023-10-18,au2402,464.42,463.7,465.52,469.18,465.0,468.82,467.14,5.12,3.44,66275,3095992.662,135879,-0.7583105039445286,-0.7504313356945954,-0.015758336499866354
2023-10-19,au2402,468.82,467.14,470.96,473.12,469.18,472.22,471.26,5.08,4.12,82124,3870212.894,140143,0.09652087090131545,-0.5810408943754133,1.3551235305534575
2023-10-20,au2402,472.22,471.26,473.16,478.6,472.44,477.66,475.72,6.4,4.46,98203,4671722.338,146871,1.1991207130637918,-0.2250085728875723,2.8482585719027282
2023-10-23,au2402,477.66,475.72,476.62,480.4,474.48,476.9,477.48,1.18,1.76,100754,4810834.58,152154,1.9886890143241658,0.21773094455477532,3.541916139538781
2023-10-24,au2402,476.9,477.48,477.0,477.68,475.54,476.1,476.38,-1.38,-1.1,64561,3075673.666,151693,2.5208158712738395,0.6783479298985883,3.6849358827505023
2023-10-25,au2402,476.1,476.38,474.1,476.5,473.18,475.1,474.9,-1.28,-1.48,83416,3961569.124,157694,2.829225051262654,1.1085233541714015,3.4414033941825046
2023-10-26,au2402,475.1,474.9,475.82,478.44,473.78,477.84,477.12,2.94,2.22,91319,4357157.298,163668,3.257189792834822,1.5382566419040857,3.437866301861473
2023-10-27,au2402,477.84,477.12,476.94,479.3,475.34,478.38,477.4,1.26,0.28,98420,4698626.09,169089,3.598447755116979,1.9502948645466645,3.296305781140629
2023-10-30,au2402,478.38,477.4,476.9,484.12,476.9,479.22,479.9,1.82,2.5,100708,4833094.26,172658,3.8918156998666404,2.3385990316106597,3.1064333365119614
2023-10-31,au2402,479.22,479.9,479.14,481.26,479.0,479.72,480.02,-0.18,0.12,93652,4495632.242,175725,4.117197244045201,2.694318674097568,2.845757139895266
2023-11-01,au2402,479.72,480.02,479.56,482.08,476.96,477.86,479.26,-2.16,-0.76,123074,5898620.136,177101,4.098482530862668,2.9751514454505883,2.24666217082416
2023-11-02,au2402,477.86,479.26,478.78,479.56,477.06,478.72,478.42,-0.54,-0.84,114608,5483241.324,183499,4.1057176412653575,3.2012646846135424,1.8089059133036303
2023-11-03,au2402,478.72,478.42,479.0,479.28,477.08,478.2,477.88,-0.22,-0.54,121323,5797834.772,183840,4.023115888546499,3.3656349254001343,1.31496192629273
2023-11-06,au2402,478.2,477.88,480.5,480.5,475.44,475.96,478.46,-1.92,0.58,211131,10102046.238,184269,3.733862482415816,3.439280436803271,0.58916409122509
2023-11-07,au2402,475.96,478.46,475.8,476.76,473.66,474.0,475.12,-4.46,-3.34,123570,5871109.962,185431,3.3083350276705232,3.413091354976722,-0.20951265461239732
2023-11-08,au2402,474.0,475.12,471.5,473.28,470.38,471.84,471.92,-3.28,-3.2,153684,7252804.566,183809,2.7649350556886247,3.2834600951191026,-1.0370500788609558
2023-11-09,au2402,471.84,471.92,471.44,472.38,468.44,468.9,470.4,-3.02,-1.52,161457,7595027.75,183936,2.073155190965565,3.0413991142883954,-1.9364878466456608
2023-11-10,au2402,468.9,470.4,468.48,472.38,467.84,471.36,470.62,0.96,0.22,167802,7897389.98,183277,1.7037760355163414,2.773874498533985,-2.140196926035287
2023-11-13,au2402,471.36,470.62,469.44,470.12,467.3,469.98,469.08,-0.64,-1.54,154240,7235111.614,186537,1.2848746910986506,2.476074537046918,-2.382399691896535
2023-11-14,au2402,469.98,469.08,468.86,471.7,468.34,471.52,469.98,2.44,0.9,127375,5986408.954,187768,1.0648821883087294,2.1938360672992805,-2.257907757981102
2023-11-15,au2402,471.52,469.98,471.26,474.24,470.48,472.98,472.84,3.0,2.86,169300,8005477.832,189569,0.996855216740471,1.9544398971875188,-1.9151693608940956
2023-11-16,au2402,472.98,472.84,473.38,473.38,471.04,471.86,472.12,-0.98,-0.72,139289,6576174.302,190893,0.8428528291386783,1.7321224835777507,-1.7785393088781447
2023-11-17,au2402,471.86,472.12,471.76,474.44,471.28,473.44,473.12,1.32,1.0,157391,7446569.662,196056,0.8386304134490956,1.5534240695520198,-1.4295873122058484
2023-11-20,au2402,473.44,473.12,472.22,472.96,467.94,468.0,470.74,-5.12,-2.38,169359,7972540.754,197106,0.3918050972996525,1.3211002751015464,-1.8585903556037877
2023-11-21,au2402,468.0,470.74,466.7,467.34,463.82,466.98,465.68,-3.76,-5.06,176755,8231164.08,196248,-0.0441042540686567,1.0480593692675058,-2.184327246672325
2023-11-22,au2402,466.98,465.68,466.64,469.7,465.48,466.1,467.88,0.42,2.2,210209,9835460.332,201731,-0.4553254922739143,0.7473823969592218,-2.4054157784662724
2023-11-23,au2402,466.1,467.88,467.0,468.1,464.46,465.46,466.34,-2.42,-1.54,156914,7317726.438,199626,-0.8233726106138874,0.43323139544459993,-2.5132080121169746
2023-11-24,au2402,465.46,466.34,465.08,465.96,464.86,465.9,465.38,-0.44,-0.96,82652,3846587.438,198939,-1.0672457362578598,0.133135969104108,-2.4007634107239357
2023-11-27,au2402,465.9,465.38,466.16,471.2,466.16,470.08,468.28,4.7,2.9,174440,8168883.932,191754,-0.9127047864204769,-0.076032182000809,-1.673345208839336
2023-11-28,au2402,470.08,468.28,470.86,472.12,469.74,471.6,470.94,3.32,2.66,133867,6304559.74,193020,-0.6599709392667137,-0.19281993345398996,-0.9343020116254475
2023-11-29,au2402,471.6,470.94,471.6,477.0,471.22,475.46,474.42,4.52,3.48,204742,9713441.262,200916,-0.146518826091949,-0.18355971198158177,0.07408177177926556
2023-11-30,au2402,475.46,474.42,475.16,476.48,474.72,475.72,475.66,1.3,1.24,141553,6733348.734,203317,0.27816894150760163,-0.09121398128374511,0.7387658455826935
2023-12-01,au2402,475.72,475.66,475.4,476.7,474.32,475.78,475.26,0.12,-0.4,140499,6677433.242,204166,0.61251783131911,0.049532381236825906,1.1259709001645681
2023-12-04,au2402,475.78,475.26,475.2,486.48,474.46,481.62,480.14,6.36,4.88,220202,10572934.302,206229,1.3333607754013883,0.3062980600697384,2.0541254306632997
2023-12-05,au2402,481.62,480.14,480.52,481.38,472.38,475.0,475.92,-5.14,-4.22,244094,11617400.264,198339,1.3548376030966551,0.5160059686751218,1.6776632688430666
2023-12-06,au2402,475.0,475.92,473.74,474.7,471.38,474.08,473.36,-1.84,-2.56,148771,7042240.44,197578,1.2828341193468304,0.6693715988094635,1.2269250410747339
2023-12-07,au2402,474.08,473.36,474.0,475.94,474.0,474.88,475.0,1.52,1.64,127302,6047026.376,197216,1.2756196050772814,0.790621200063027,0.9699968100285088
2023-12-08,au2402,474.88,475.0,475.28,476.58,473.28,475.2,475.0,0.2,0.0,120772,5736833.202,194309,1.2809572978282517,0.888688419616072,0.7845377564243594
2023-12-11,au2402,475.2,475.0,475.0,475.18,469.92,471.6,472.0,-3.4,-3.0,171635,8101409.676,190295,0.9833619596948893,0.9076231276318356,0.1514776641261073
2023-12-12,au2402,471.6,472.0,470.78,470.78,467.7,469.9,469.4,-2.1,-2.6,121372,5697323.736,185592,0.6033842792804762,0.8467753579615638,-0.4867821573621751
2023-12-13,au2402,469.9,469.4,469.86,471.52,468.58,469.02,469.62,-0.38,0.22,129229,6069052.248,177187,0.22860536409223187,0.7231413591876975,-0.9890719901909313
2023-12-14,au2402,469.02,469.62,469.72,477.94,468.74,476.2,473.06,6.58,3.44,118460,5603946.386,177733,0.5051335033140276,0.6795397880129636,-0.34881256939787186
2023-12-15,au2402,476.2,473.06,476.54,477.16,474.34,475.46,475.68,2.4,2.62,123606,5879877.69,172647,0.6569987576523317,0.6750315819408372,-0.036065648577011
2023-12-18,au2402,475.46,475.68,476.52,476.6,473.0,474.9,475.02,-0.78,-0.66,117349,5574424.686,171748,0.7238219767759801,0.6847896609078659,0.07806463173622857
2023-12-19,au2402,474.9,475.02,475.04,476.92,474.64,475.9,475.52,0.88,0.5,69023,3282227.62,169353,0.8476997470093579,0.7173716781281643,0.2606561377623873
2023-12-20,au2402,475.9,475.52,476.3,477.86,475.56,476.92,476.8,1.4,1.28,86361,4117833.788,172115,1.016462105488415,0.7771897636002145,0.47854468377640114
2023-12-21,au2402,476.92,476.8,476.1,477.46,475.46,477.02,476.48,0.22,-0.32,88478,4215871.498,169432,1.14507692075847,0.8507671950318656,0.5886194514532086
2023-12-22,au2402,477.02,476.48,477.06,480.9,476.3,479.54,478.62,3.06,2.14,123188,5896106.01,167366,1.4338198453061182,0.9673777250867162,0.932884240438804
2023-12-25,au2402,479.54,478.62,481.22,482.92,479.36,480.8,481.1,2.18,2.48,126682,6094838.022,159260,1.7442159275551035,1.1227453655803936,1.2429411239494197
2023-12-26,au2402,480.8,481.1,481.0,481.78,480.5,481.4,481.1,0.3,0.0,60716,2921130.584,152602,2.0153898845586014,1.3012742693760353,1.428231230365132
2023-12-27,au2402,481.4,481.1,481.06,483.12,479.6,482.6,481.52,1.5,0.42,78178,3764429.216,144614,2.300607202614856,1.5011408560237995,1.5989326931821126
2023-12-28,au2402,482.6,481.52,483.42,485.38,482.82,483.6,484.18,2.08,2.66,94297,4565730.342,137197,2.5776223982131796,1.7164371644616756,1.722370467503008
2023-12-29,au2402,483.6,484.18,481.6,482.68,479.86,481.7,481.42,-2.48,-2.76,112640,5422875.176,106807,2.61371552982763,1.8958928375348667,1.4356453845855262
2024-01-02,au2402,,481.42,481.24,483.8,480.82,483.32,482.4,1.9,0.98,37149,1792116.72,102542,2.741438461664302,2.065001962360754,1.3528729986070962
2024-01-03,au2402,,482.4,482.92,483.44,481.1,482.72,482.62,0.32,0.22,56719,2737419.01,88494,2.76240157393903,2.2044818846764094,1.1158393785252416
2024-01-04,au2402,,482.62,480.0,481.3,478.2,480.86,479.64,-1.76,-2.98,51203,2455994.73,79665,2.598969236559526,2.283379355053033,0.6311797630129865
2024-01-05,au2402,,479.64,481.0,482.38,480.12,481.58,481.3,1.94,1.66,23429,1127646.47,76637,2.498741972384039,2.3264518785192343,0.3445801877296093
